date,airport_code,flights,run_id,load_timestamp,source,Latitude,Longitude
2025-01-01,LTFM,1291,d22896dc-1e25-42a7-857d-e3b7b2fd55a3,2026-06-30 14:54:45,https://www.flightsfrom.com/top-100-airports,41.275278,28.751944
2025-01-01,EGLL,1210,d22896dc-1e25-42a7-857d-e3b7b2fd55a3,2026-06-30 14:54:45,https://www.flightsfrom.com/top-100-airports,51.4706,-0.461941
2025-01-01,EHAM,1190,d22896dc-1e25-42a7-857d-e3b7b2fd55a3,2026-06-30 14:54:45,https://www.flightsfrom.com/top-100-airports,52.308601,4.76389
2025-01-01,LFPG,1155,d22896dc-1e25-42a7-857d-e3b7b2fd55a3,2026-06-30 14:54:45,https://www.flightsfrom.com/top-100-airports,49.012798,2.55
2025-01-01,LEMD,1049,d22896dc-1e25-42a7-857d-e3b7b2fd55a3,2026-06-30 14:54:45,https://www.flightsfrom.com/top-100-airports,40.471926,-3.56264
2025-01-01,LEBL,837,d22896dc-1e25-42a7-857d-e3b7b2fd55a3,2026-06-30 14:54:45,https://www.flightsfrom.com/top-100-airports,41.2971,2.07846
2025-01-01,EDDF,812,d22896dc-1e25-42a7-857d-e3b7b2fd55a3,2026-06-30 14:54:45,https://www.flightsfrom.com/top-100-airports,50.033333,8.570556
2025-01-01,LIRF,768,d22896dc-1e25-42a7-857d-e3b7b2fd55a3,2026-06-30 14:54:45,https://www.flightsfrom.com/top-100-airports,41.8002778,12.2388889
2025-01-01,EGKK,633,d22896dc-1e25-42a7-857d-e3b7b2fd55a3,2026-06-30 14:54:45,https://www.flightsfrom.com/top-100-airports,51.148102,-0.190278
2025-01-01,LTFJ,603,d22896dc-1e25-42a7-857d-e3b7b2fd55a3,2026-06-30 14:54:45,https://www.flightsfrom.com/top-100-airports,40.898601532,29.3092002869
2025-01-01,EDDM,598,d22896dc-1e25-42a7-857d-e3b7b2fd55a3,2026-06-30 14:54:45,https://www.flightsfrom.com/top-100-airports,48.353802,11.7861
2025-01-01,LSZH,577,d22896dc-1e25-42a7-857d-e3b7b2fd55a3,2026-06-30 14:54:45,https://www.flightsfrom.com/top-100-airports,47.464699,8.54917
2025-01-01,LPPT,564,d22896dc-1e25-42a7-857d-e3b7b2fd55a3,2026-06-30 14:54:45,https://www.flightsfrom.com/top-100-airports,38.7813,-9.13592
2025-01-01,LFPO,527,d22896dc-1e25-42a7-857d-e3b7b2fd55a3,2026-06-30 14:54:45,https://www.flightsfrom.com/top-100-airports,48.7233333,2.3794444
2025-01-01,LIMC,510,d22896dc-1e25-42a7-857d-e3b7b2fd55a3,2026-06-30 14:54:45,https://www.flightsfrom.com/top-100-airports,45.6306,8.72811
2025-01-01,EGSS,489,d22896dc-1e25-42a7-857d-e3b7b2fd55a3,2026-06-30 14:54:45,https://www.flightsfrom.com/top-100-airports,51.8849983215,0.234999999404
2025-01-01,LOWW,486,d22896dc-1e25-42a7-857d-e3b7b2fd55a3,2026-06-30 14:54:45,https://www.flightsfrom.com/top-100-airports,48.110298156738,16.569700241089
2025-01-01,LGAV,462,d22896dc-1e25-42a7-857d-e3b7b2fd55a3,2026-06-30 14:54:45,https://www.flightsfrom.com/top-100-airports,37.9364013672,23.9444999695
2025-01-01,EKCH,427,d22896dc-1e25-42a7-857d-e3b7b2fd55a3,2026-06-30 14:54:45,https://www.flightsfrom.com/top-100-airports,55.617900848389,12.656000137329
2025-01-01,EDDB,423,d22896dc-1e25-42a7-857d-e3b7b2fd55a3,2026-06-30 14:54:45,https://www.flightsfrom.com/top-100-airports,52.380001,13.5225
2025-01-01,EBBR,419,d22896dc-1e25-42a7-857d-e3b7b2fd55a3,2026-06-30 14:54:45,https://www.flightsfrom.com/top-100-airports,50.9014015198,4.48443984985
2025-01-01,EIDW,419,d22896dc-1e25-42a7-857d-e3b7b2fd55a3,2026-06-30 14:54:45,https://www.flightsfrom.com/top-100-airports,53.421299,-6.27007
2025-01-01,EGCC,419,d22896dc-1e25-42a7-857d-e3b7b2fd55a3,2026-06-30 14:54:45,https://www.flightsfrom.com/top-100-airports,53.35369873046875,-2.2749500274658203
2025-01-01,ENGM,399,d22896dc-1e25-42a7-857d-e3b7b2fd55a3,2026-06-30 14:54:45,https://www.flightsfrom.com/top-100-airports,60.121,11.0502
2025-01-01,LSGG,395,d22896dc-1e25-42a7-857d-e3b7b2fd55a3,2026-06-30 14:54:45,https://www.flightsfrom.com/top-100-airports,46.23809814453125,6.108950138092041
2025-01-01,EPWA,390,d22896dc-1e25-42a7-857d-e3b7b2fd55a3,2026-06-30 14:54:45,https://www.flightsfrom.com/top-100-airports,52.1656990051,20.9671001434
2025-01-01,LEMG,367,d22896dc-1e25-42a7-857d-e3b7b2fd55a3,2026-06-30 14:54:45,https://www.flightsfrom.com/top-100-airports,36.67490005493164,-4.499110221862793
2025-01-01,GCLP,348,d22896dc-1e25-42a7-857d-e3b7b2fd55a3,2026-06-30 14:54:45,https://www.flightsfrom.com/top-100-airports,27.931900024414062,-15.38659954071045
2025-01-01,EFHK,325,d22896dc-1e25-42a7-857d-e3b7b2fd55a3,2026-06-30 14:54:45,https://www.flightsfrom.com/top-100-airports,60.317199707031,24.963300704956
2025-01-01,ESSA,324,d22896dc-1e25-42a7-857d-e3b7b2fd55a3,2026-06-30 14:54:45,https://www.flightsfrom.com/top-100-airports,59.651901245117,17.918600082397
2025-01-01,LHBP,314,d22896dc-1e25-42a7-857d-e3b7b2fd55a3,2026-06-30 14:54:45,https://www.flightsfrom.com/top-100-airports,47.42976,19.261093
2025-01-01,LLBG,300,d22896dc-1e25-42a7-857d-e3b7b2fd55a3,2026-06-30 14:54:45,https://www.flightsfrom.com/top-100-airports,32.01139831542969,34.88669967651367
2025-01-01,LEPA,288,d22896dc-1e25-42a7-857d-e3b7b2fd55a3,2026-06-30 14:54:45,https://www.flightsfrom.com/top-100-airports,39.551700592,2.73881006241
2025-01-01,GCTS,274,d22896dc-1e25-42a7-857d-e3b7b2fd55a3,2026-06-30 14:54:45,https://www.flightsfrom.com/top-100-airports,28.044500351,-16.5725002289
2025-01-01,LEAL,271,d22896dc-1e25-42a7-857d-e3b7b2fd55a3,2026-06-30 14:54:45,https://www.flightsfrom.com/top-100-airports,38.28219985961914,-0.5581560134887695
2025-01-01,EGGW,264,d22896dc-1e25-42a7-857d-e3b7b2fd55a3,2026-06-30 14:54:45,https://www.flightsfrom.com/top-100-airports,51.874698638916016,-0.3683330118656158
2025-01-01,LKPR,263,d22896dc-1e25-42a7-857d-e3b7b2fd55a3,2026-06-30 14:54:45,https://www.flightsfrom.com/top-100-airports,50.1008,14.26
2025-01-01,LIML,258,d22896dc-1e25-42a7-857d-e3b7b2fd55a3,2026-06-30 14:54:45,https://www.flightsfrom.com/top-100-airports,45.445099,9.27674
2025-01-01,LIME,256,d22896dc-1e25-42a7-857d-e3b7b2fd55a3,2026-06-30 14:54:45,https://www.flightsfrom.com/top-100-airports,45.673901,9.70417
2025-01-01,EDDL,251,d22896dc-1e25-42a7-857d-e3b7b2fd55a3,2026-06-30 14:54:45,https://www.flightsfrom.com/top-100-airports,51.289501,6.76678
2025-01-01,LPPR,247,d22896dc-1e25-42a7-857d-e3b7b2fd55a3,2026-06-30 14:54:45,https://www.flightsfrom.com/top-100-airports,41.2481002808,-8.68138980865
2025-01-01,LFMN,245,d22896dc-1e25-42a7-857d-e3b7b2fd55a3,2026-06-30 14:54:45,https://www.flightsfrom.com/top-100-airports,43.6584014893,7.215869903560001
2025-01-01,LTAI,240,d22896dc-1e25-42a7-857d-e3b7b2fd55a3,2026-06-30 14:54:45,https://www.flightsfrom.com/top-100-airports,36.898701,30.800501
2025-01-01,GMMN,235,d22896dc-1e25-42a7-857d-e3b7b2fd55a3,2026-06-30 14:54:45,https://www.flightsfrom.com/top-100-airports,33.36750030517578,-7.589970111846924
2025-01-01,EGPH,234,d22896dc-1e25-42a7-857d-e3b7b2fd55a3,2026-06-30 14:54:45,https://www.flightsfrom.com/top-100-airports,55.95000076293945,-3.372499942779541
2025-01-01,GMMX,214,d22896dc-1e25-42a7-857d-e3b7b2fd55a3,2026-06-30 14:54:45,https://www.flightsfrom.com/top-100-airports,31.6068992615,-8.03629970551
2025-01-01,EDDH,212,d22896dc-1e25-42a7-857d-e3b7b2fd55a3,2026-06-30 14:54:45,https://www.flightsfrom.com/top-100-airports,53.630401611328,9.9882297515869
2025-01-01,LROP,212,d22896dc-1e25-42a7-857d-e3b7b2fd55a3,2026-06-30 14:54:45,https://www.flightsfrom.com/top-100-airports,44.5711111,26.085
2025-01-01,LTAC,204,d22896dc-1e25-42a7-857d-e3b7b2fd55a3,2026-06-30 14:54:45,https://www.flightsfrom.com/top-100-airports,40.1281013489,32.995098114
2025-01-01,EPKK,196,d22896dc-1e25-42a7-857d-e3b7b2fd55a3,2026-06-30 14:54:45,https://www.flightsfrom.com/top-100-airports,50.077702,19.7848
2025-01-01,LEVC,192,d22896dc-1e25-42a7-857d-e3b7b2fd55a3,2026-06-30 14:54:45,https://www.flightsfrom.com/top-100-airports,39.4893,-0.481625
2025-01-01,LIPZ,190,d22896dc-1e25-42a7-857d-e3b7b2fd55a3,2026-06-30 14:54:45,https://www.flightsfrom.com/top-100-airports,45.505299,12.3519
2025-01-01,EBCI,187,d22896dc-1e25-42a7-857d-e3b7b2fd55a3,2026-06-30 14:54:45,https://www.flightsfrom.com/top-100-airports,50.459202,4.45382
2025-01-01,LFML,184,d22896dc-1e25-42a7-857d-e3b7b2fd55a3,2026-06-30 14:54:45,https://www.flightsfrom.com/top-100-airports,43.439271922,5.22142410278
2025-01-01,LICC,173,d22896dc-1e25-42a7-857d-e3b7b2fd55a3,2026-06-30 14:54:45,https://www.flightsfrom.com/top-100-airports,37.466801,15.0664
2025-01-01,EGBB,173,d22896dc-1e25-42a7-857d-e3b7b2fd55a3,2026-06-30 14:54:45,https://www.flightsfrom.com/top-100-airports,52.4538993835,-1.74802994728
2025-01-01,LIPE,172,d22896dc-1e25-42a7-857d-e3b7b2fd55a3,2026-06-30 14:54:45,https://www.flightsfrom.com/top-100-airports,44.5354,11.2887
2025-01-01,GCXO,170,d22896dc-1e25-42a7-857d-e3b7b2fd55a3,2026-06-30 14:54:45,https://www.flightsfrom.com/top-100-airports,28.4827003479,-16.3414993286
2025-01-01,LFLL,167,d22896dc-1e25-42a7-857d-e3b7b2fd55a3,2026-06-30 14:54:45,https://www.flightsfrom.com/top-100-airports,45.725556,5.081111
2025-01-01,ENBR,162,d22896dc-1e25-42a7-857d-e3b7b2fd55a3,2026-06-30 14:54:45,https://www.flightsfrom.com/top-100-airports,60.29339981,5.218140125
2025-01-01,GCRR,162,d22896dc-1e25-42a7-857d-e3b7b2fd55a3,2026-06-30 14:54:45,https://www.flightsfrom.com/top-100-airports,28.945499,-13.6052
2025-01-01,LFSB,158,d22896dc-1e25-42a7-857d-e3b7b2fd55a3,2026-06-30 14:54:45,https://www.flightsfrom.com/top-100-airports,47.59,7.5291667
2025-01-01,LTBJ,154,d22896dc-1e25-42a7-857d-e3b7b2fd55a3,2026-06-30 14:54:45,https://www.flightsfrom.com/top-100-airports,38.2924003601,27.156999588
2025-01-01,LYBE,150,d22896dc-1e25-42a7-857d-e3b7b2fd55a3,2026-06-30 14:54:45,https://www.flightsfrom.com/top-100-airports,44.8184013367,20.3090991974
2025-01-01,LEZL,149,d22896dc-1e25-42a7-857d-e3b7b2fd55a3,2026-06-30 14:54:45,https://www.flightsfrom.com/top-100-airports,37.417999267578125,-5.8931097984313965
2025-01-01,EDDK,147,d22896dc-1e25-42a7-857d-e3b7b2fd55a3,2026-06-30 14:54:45,https://www.flightsfrom.com/top-100-airports,50.8658981323,7.1427397728
2025-01-01,LICJ,147,d22896dc-1e25-42a7-857d-e3b7b2fd55a3,2026-06-30 14:54:45,https://www.flightsfrom.com/top-100-airports,38.175999,13.091
2025-01-01,ELLX,147,d22896dc-1e25-42a7-857d-e3b7b2fd55a3,2026-06-30 14:54:45,https://www.flightsfrom.com/top-100-airports,49.6233333,6.2044444
2025-01-01,EGGD,145,d22896dc-1e25-42a7-857d-e3b7b2fd55a3,2026-06-30 14:54:45,https://www.flightsfrom.com/top-100-airports,51.382702,-2.71909
2025-01-01,LMML,142,d22896dc-1e25-42a7-857d-e3b7b2fd55a3,2026-06-30 14:54:45,https://www.flightsfrom.com/top-100-airports,35.857498,14.4775
2025-01-01,LFBO,138,d22896dc-1e25-42a7-857d-e3b7b2fd55a3,2026-06-30 14:54:45,https://www.flightsfrom.com/top-100-airports,43.629101,1.36382
2025-01-01,EDDS,134,d22896dc-1e25-42a7-857d-e3b7b2fd55a3,2026-06-30 14:54:45,https://www.flightsfrom.com/top-100-airports,48.6898994446,9.22196006775
2025-01-01,GCFV,134,d22896dc-1e25-42a7-857d-e3b7b2fd55a3,2026-06-30 14:54:45,https://www.flightsfrom.com/top-100-airports,28.452699661254883,-13.863800048828123
2025-01-01,LIRN,132,d22896dc-1e25-42a7-857d-e3b7b2fd55a3,2026-06-30 14:54:45,https://www.flightsfrom.com/top-100-airports,40.886002,14.2908
2025-01-01,BIKF,129,d22896dc-1e25-42a7-857d-e3b7b2fd55a3,2026-06-30 14:54:45,https://www.flightsfrom.com/top-100-airports,63.985000610352,-22.605600357056
2025-01-01,LCLK,128,d22896dc-1e25-42a7-857d-e3b7b2fd55a3,2026-06-30 14:54:45,https://www.flightsfrom.com/top-100-airports,34.875099182128906,33.624900817871094
2025-01-01,LATI,126,d22896dc-1e25-42a7-857d-e3b7b2fd55a3,2026-06-30 14:54:45,https://www.flightsfrom.com/top-100-airports,41.4146995544,19.7206001282
2025-01-01,EGAA,126,d22896dc-1e25-42a7-857d-e3b7b2fd55a3,2026-06-30 14:54:45,https://www.flightsfrom.com/top-100-airports,54.6575012207,-6.21582984924
2025-01-01,LBSF,121,d22896dc-1e25-42a7-857d-e3b7b2fd55a3,2026-06-30 14:54:45,https://www.flightsfrom.com/top-100-airports,42.69669342041016,23.411436080932617
2025-01-01,EVRA,121,d22896dc-1e25-42a7-857d-e3b7b2fd55a3,2026-06-30 14:54:45,https://www.flightsfrom.com/top-100-airports,56.92359924316406,23.971099853515625
2025-01-01,UDYZ,111,d22896dc-1e25-42a7-857d-e3b7b2fd55a3,2026-06-30 14:54:45,https://www.flightsfrom.com/top-100-airports,40.1473007202,44.3959007263
2025-01-01,ENTC,106,d22896dc-1e25-42a7-857d-e3b7b2fd55a3,2026-06-30 14:54:45,https://www.flightsfrom.com/top-100-airports,69.68329620361328,18.91889953613281
2025-01-01,EGPF,105,d22896dc-1e25-42a7-857d-e3b7b2fd55a3,2026-06-30 14:54:45,https://www.flightsfrom.com/top-100-airports,55.8718986511,-4.43306016922
2025-01-01,LDZA,103,d22896dc-1e25-42a7-857d-e3b7b2fd55a3,2026-06-30 14:54:45,https://www.flightsfrom.com/top-100-airports,45.7429008484,16.0687999725
2025-01-01,LFRS,103,d22896dc-1e25-42a7-857d-e3b7b2fd55a3,2026-06-30 14:54:45,https://www.flightsfrom.com/top-100-airports,47.153198242200006,-1.61073005199
2025-01-01,LIMF,100,d22896dc-1e25-42a7-857d-e3b7b2fd55a3,2026-06-30 14:54:45,https://www.flightsfrom.com/top-100-airports,45.200802,7.64963
2025-01-01,LEBB,100,d22896dc-1e25-42a7-857d-e3b7b2fd55a3,2026-06-30 14:54:45,https://www.flightsfrom.com/top-100-airports,43.30110168457031,-2.9106099605560303
2025-01-01,EPGD,99,d22896dc-1e25-42a7-857d-e3b7b2fd55a3,2026-06-30 14:54:45,https://www.flightsfrom.com/top-100-airports,54.37760162353516,18.46619987487793
2025-01-01,ENVA,98,d22896dc-1e25-42a7-857d-e3b7b2fd55a3,2026-06-30 14:54:45,https://www.flightsfrom.com/top-100-airports,63.4578018,10.9239998
2025-01-01,LFBD,97,d22896dc-1e25-42a7-857d-e3b7b2fd55a3,2026-06-30 14:54:45,https://www.flightsfrom.com/top-100-airports,44.8283004761,-0.715556025505
2025-01-01,EGLC,97,d22896dc-1e25-42a7-857d-e3b7b2fd55a3,2026-06-30 14:54:45,https://www.flightsfrom.com/top-100-airports,51.505299,0.055278
2025-01-01,LGTS,95,d22896dc-1e25-42a7-857d-e3b7b2fd55a3,2026-06-30 14:54:45,https://www.flightsfrom.com/top-100-airports,40.51969909667969,22.97089958190918
2025-01-01,ESGG,94,d22896dc-1e25-42a7-857d-e3b7b2fd55a3,2026-06-30 14:54:45,https://www.flightsfrom.com/top-100-airports,57.662799835205,12.279800415039
2025-01-01,ENZV,93,d22896dc-1e25-42a7-857d-e3b7b2fd55a3,2026-06-30 14:54:45,https://www.flightsfrom.com/top-100-airports,58.876701354,5.6377801895
2025-01-01,UGTB,89,d22896dc-1e25-42a7-857d-e3b7b2fd55a3,2026-06-30 14:54:45,https://www.flightsfrom.com/top-100-airports,41.6692008972,44.95470047
2025-01-01,LPMA,88,d22896dc-1e25-42a7-857d-e3b7b2fd55a3,2026-06-30 14:54:45,https://www.flightsfrom.com/top-100-airports,32.697899,-16.7745
2025-01-01,EDDP,84,d22896dc-1e25-42a7-857d-e3b7b2fd55a3,2026-06-30 14:54:45,https://www.flightsfrom.com/top-100-airports,51.423889,12.236389
2025-01-01,LFOB,83,d22896dc-1e25-42a7-857d-e3b7b2fd55a3,2026-06-30 14:54:45,https://www.flightsfrom.com/top-100-airports,49.45439910888672,2.1127800941467285
2025-01-01,LPFR,83,d22896dc-1e25-42a7-857d-e3b7b2fd55a3,2026-06-30 14:54:45,https://www.flightsfrom.com/top-100-airports,37.0144004822,-7.96590995789
2025-01-01,LIRP,81,d22896dc-1e25-42a7-857d-e3b7b2fd55a3,2026-06-30 14:54:45,https://www.flightsfrom.com/top-100-airports,43.683899,10.3927
2025-01-01,LIRA,80,d22896dc-1e25-42a7-857d-e3b7b2fd55a3,2026-06-30 14:54:45,https://www.flightsfrom.com/top-100-airports,41.7994,12.5949
2025-01-01,EDDV,76,d22896dc-1e25-42a7-857d-e3b7b2fd55a3,2026-06-30 14:54:45,https://www.flightsfrom.com/top-100-airports,52.461101532,9.68507957458
2025-01-01,EYVI,75,d22896dc-1e25-42a7-857d-e3b7b2fd55a3,2026-06-30 14:54:45,https://www.flightsfrom.com/top-100-airports,54.634102,25.285801
2025-01-01,LEIB,74,d22896dc-1e25-42a7-857d-e3b7b2fd55a3,2026-06-30 14:54:45,https://www.flightsfrom.com/top-100-airports,38.8728981018,1.3731199502899998
2025-01-01,EGNT,73,d22896dc-1e25-42a7-857d-e3b7b2fd55a3,2026-06-30 14:54:45,https://www.flightsfrom.com/top-100-airports,55.03749847412109,-1.6916699409484863
2025-01-01,EETN,69,d22896dc-1e25-42a7-857d-e3b7b2fd55a3,2026-06-30 14:54:45,https://www.flightsfrom.com/top-100-airports,59.41329956049999,24.8327999115
2025-01-01,EPWR,69,d22896dc-1e25-42a7-857d-e3b7b2fd55a3,2026-06-30 14:54:45,https://www.flightsfrom.com/top-100-airports,51.1026992798,16.885799408
2025-01-01,EGAC,69,d22896dc-1e25-42a7-857d-e3b7b2fd55a3,2026-06-30 14:54:45,https://www.flightsfrom.com/top-100-airports,54.61809921264648,-5.872499942779541
2025-01-01,GMAD,67,d22896dc-1e25-42a7-857d-e3b7b2fd55a3,2026-06-30 14:54:45,https://www.flightsfrom.com/top-100-airports,30.325000762939453,-9.41306972503662
2025-01-01,ENBO,66,d22896dc-1e25-42a7-857d-e3b7b2fd55a3,2026-06-30 14:54:45,https://www.flightsfrom.com/top-100-airports,67.26920318603516,14.365300178527832
2025-01-01,EDDN,64,d22896dc-1e25-42a7-857d-e3b7b2fd55a3,2026-06-30 14:54:45,https://www.flightsfrom.com/top-100-airports,49.498699,11.078056
2025-01-01,LFPB,62,d22896dc-1e25-42a7-857d-e3b7b2fd55a3,2026-06-30 14:54:45,https://www.flightsfrom.com/top-100-airports,48.96939849853516,2.441390037536621
2025-01-01,EICK,58,d22896dc-1e25-42a7-857d-e3b7b2fd55a3,2026-06-30 14:54:45,https://www.flightsfrom.com/top-100-airports,51.84130096435547,-8.491109848022461
2025-01-01,EPKT,56,d22896dc-1e25-42a7-857d-e3b7b2fd55a3,2026-06-30 14:54:45,https://www.flightsfrom.com/top-100-airports,50.4743,19.08
2025-01-01,GCLA,56,d22896dc-1e25-42a7-857d-e3b7b2fd55a3,2026-06-30 14:54:45,https://www.flightsfrom.com/top-100-airports,28.626499,-17.7556
2025-01-01,LUKK,55,d22896dc-1e25-42a7-857d-e3b7b2fd55a3,2026-06-30 14:54:45,https://www.flightsfrom.com/top-100-airports,46.92770004272461,28.93099975585937
2025-01-01,GMTT,55,d22896dc-1e25-42a7-857d-e3b7b2fd55a3,2026-06-30 14:54:45,https://www.flightsfrom.com/top-100-airports,35.726898193400004,-5.91689014435
2025-01-01,EPPO,55,d22896dc-1e25-42a7-857d-e3b7b2fd55a3,2026-06-30 14:54:45,https://www.flightsfrom.com/top-100-airports,52.4210014343,16.8262996674
2025-01-01,LWSK,53,d22896dc-1e25-42a7-857d-e3b7b2fd55a3,2026-06-30 14:54:45,https://www.flightsfrom.com/top-100-airports,41.961601,21.621401
2025-01-01,LIBR,51,d22896dc-1e25-42a7-857d-e3b7b2fd55a3,2026-06-30 14:54:45,https://www.flightsfrom.com/top-100-airports,40.6576,17.947001
2025-01-01,LEST,50,d22896dc-1e25-42a7-857d-e3b7b2fd55a3,2026-06-30 14:54:45,https://www.flightsfrom.com/top-100-airports,42.89630126953125,-8.415140151977539
2025-01-01,LOWI,49,d22896dc-1e25-42a7-857d-e3b7b2fd55a3,2026-06-30 14:54:45,https://www.flightsfrom.com/top-100-airports,47.260201,11.344
2025-01-01,GMME,49,d22896dc-1e25-42a7-857d-e3b7b2fd55a3,2026-06-30 14:54:45,https://www.flightsfrom.com/top-100-airports,34.051498,-6.75152
2025-01-01,LTBA,49,d22896dc-1e25-42a7-857d-e3b7b2fd55a3,2026-06-30 14:54:45,https://www.flightsfrom.com/top-100-airports,40.976898,28.8146
2025-01-01,EHRD,44,d22896dc-1e25-42a7-857d-e3b7b2fd55a3,2026-06-30 14:54:45,https://www.flightsfrom.com/top-100-airports,51.956902,4.43722
2025-01-01,LFMT,43,d22896dc-1e25-42a7-857d-e3b7b2fd55a3,2026-06-30 14:54:45,https://www.flightsfrom.com/top-100-airports,43.57619857788086,3.96301007270813
2025-01-01,EGPD,43,d22896dc-1e25-42a7-857d-e3b7b2fd55a3,2026-06-30 14:54:45,https://www.flightsfrom.com/top-100-airports,57.20190048217773,-2.197779893875122
2025-01-01,EGNX,42,d22896dc-1e25-42a7-857d-e3b7b2fd55a3,2026-06-30 14:54:45,https://www.flightsfrom.com/top-100-airports,52.8311004639,-1.32806003094
2025-01-01,LFQQ,39,d22896dc-1e25-42a7-857d-e3b7b2fd55a3,2026-06-30 14:54:45,https://www.flightsfrom.com/top-100-airports,50.563332,3.086886
2025-01-01,EINN,39,d22896dc-1e25-42a7-857d-e3b7b2fd55a3,2026-06-30 14:54:45,https://www.flightsfrom.com/top-100-airports,52.702,-8.92482
2025-01-01,LPPD,39,d22896dc-1e25-42a7-857d-e3b7b2fd55a3,2026-06-30 14:54:45,https://www.flightsfrom.com/top-100-airports,37.7411994934,-25.6979007721
2025-01-01,LIPH,38,d22896dc-1e25-42a7-857d-e3b7b2fd55a3,2026-06-30 14:54:45,https://www.flightsfrom.com/top-100-airports,45.648399,12.1944
2025-01-01,GMFF,38,d22896dc-1e25-42a7-857d-e3b7b2fd55a3,2026-06-30 14:54:45,https://www.flightsfrom.com/top-100-airports,33.9272994995,-4.977960109709999
2025-01-01,EDDW,37,d22896dc-1e25-42a7-857d-e3b7b2fd55a3,2026-06-30 14:54:45,https://www.flightsfrom.com/top-100-airports,53.0475006104,8.78666973114
2025-01-01,LOWS,36,d22896dc-1e25-42a7-857d-e3b7b2fd55a3,2026-06-30 14:54:45,https://www.flightsfrom.com/top-100-airports,47.7933006287,13.0043001175
2025-01-01,LCPH,36,d22896dc-1e25-42a7-857d-e3b7b2fd55a3,2026-06-30 14:54:45,https://www.flightsfrom.com/top-100-airports,34.71799850463867,32.48569869995117
2025-01-01,LFST,34,d22896dc-1e25-42a7-857d-e3b7b2fd55a3,2026-06-30 14:54:45,https://www.flightsfrom.com/top-100-airports,48.53829956054688,7.628230094909668
2025-01-01,LEAS,34,d22896dc-1e25-42a7-857d-e3b7b2fd55a3,2026-06-30 14:54:45,https://www.flightsfrom.com/top-100-airports,43.5635986328125,-6.0346198081970215
2025-01-01,EBLG,31,d22896dc-1e25-42a7-857d-e3b7b2fd55a3,2026-06-30 14:54:45,https://www.flightsfrom.com/top-100-airports,50.63740158081055,5.443220138549805
2025-01-01,LGIR,30,d22896dc-1e25-42a7-857d-e3b7b2fd55a3,2026-06-30 14:54:45,https://www.flightsfrom.com/top-100-airports,35.3396987915,25.1802997589
2025-01-01,EPRZ,30,d22896dc-1e25-42a7-857d-e3b7b2fd55a3,2026-06-30 14:54:45,https://www.flightsfrom.com/top-100-airports,50.1100006104,22.0189990997
2025-01-01,LEMH,30,d22896dc-1e25-42a7-857d-e3b7b2fd55a3,2026-06-30 14:54:45,https://www.flightsfrom.com/top-100-airports,39.86259841918945,4.218649864196777
2025-01-01,EGKB,29,d22896dc-1e25-42a7-857d-e3b7b2fd55a3,2026-06-30 14:54:45,https://www.flightsfrom.com/top-100-airports,51.33079910279999,0.0324999988079
2025-01-01,UGKO,28,d22896dc-1e25-42a7-857d-e3b7b2fd55a3,2026-06-30 14:54:45,https://www.flightsfrom.com/top-100-airports,42.176700592,42.4826011658
2025-01-01,ENKR,28,d22896dc-1e25-42a7-857d-e3b7b2fd55a3,2026-06-30 14:54:45,https://www.flightsfrom.com/top-100-airports,69.725799560547,29.891300201416
2025-01-01,ENAL,27,d22896dc-1e25-42a7-857d-e3b7b2fd55a3,2026-06-30 14:54:45,https://www.flightsfrom.com/top-100-airports,62.5625,6.119699954986572
2025-01-01,ENAT,26,d22896dc-1e25-42a7-857d-e3b7b2fd55a3,2026-06-30 14:54:45,https://www.flightsfrom.com/top-100-airports,69.976097106934,23.371700286865
2025-01-01,EPMO,26,d22896dc-1e25-42a7-857d-e3b7b2fd55a3,2026-06-30 14:54:45,https://www.flightsfrom.com/top-100-airports,52.451099,20.6518
2025-01-01,LEGR,26,d22896dc-1e25-42a7-857d-e3b7b2fd55a3,2026-06-30 14:54:45,https://www.flightsfrom.com/top-100-airports,37.18870162963867,-3.777359962463379
2025-01-01,EYKA,25,d22896dc-1e25-42a7-857d-e3b7b2fd55a3,2026-06-30 14:54:45,https://www.flightsfrom.com/top-100-airports,54.96390151977539,24.084800720214844
2025-01-01,LYPG,25,d22896dc-1e25-42a7-857d-e3b7b2fd55a3,2026-06-30 14:54:45,https://www.flightsfrom.com/top-100-airports,42.359402,19.2519
2025-01-01,LGSA,24,d22896dc-1e25-42a7-857d-e3b7b2fd55a3,2026-06-30 14:54:45,https://www.flightsfrom.com/top-100-airports,35.531700134277344,24.14970016479492
2025-01-01,ENEV,24,d22896dc-1e25-42a7-857d-e3b7b2fd55a3,2026-06-30 14:54:45,https://www.flightsfrom.com/top-100-airports,68.491302490234,16.678100585938
2025-01-01,ENKB,23,d22896dc-1e25-42a7-857d-e3b7b2fd55a3,2026-06-30 14:54:45,https://www.flightsfrom.com/top-100-airports,63.111801147461,7.824520111084
2025-01-01,LJLJ,23,d22896dc-1e25-42a7-857d-e3b7b2fd55a3,2026-06-30 14:54:45,https://www.flightsfrom.com/top-100-airports,46.223701,14.4576
2025-01-01,LQSA,21,d22896dc-1e25-42a7-857d-e3b7b2fd55a3,2026-06-30 14:54:45,https://www.flightsfrom.com/top-100-airports,43.82460021972656,18.331499099731445
2025-01-01,LZIB,21,d22896dc-1e25-42a7-857d-e3b7b2fd55a3,2026-06-30 14:54:45,https://www.flightsfrom.com/top-100-airports,48.17020034790039,17.21269989013672
2025-01-01,LFKB,20,d22896dc-1e25-42a7-857d-e3b7b2fd55a3,2026-06-30 14:54:45,https://www.flightsfrom.com/top-100-airports,42.55270004272461,9.48373031616211
2025-01-01,EGHI,20,d22896dc-1e25-42a7-857d-e3b7b2fd55a3,2026-06-30 14:54:45,https://www.flightsfrom.com/top-100-airports,50.95029830932617,-1.3567999601364136
2025-01-01,LFRN,18,d22896dc-1e25-42a7-857d-e3b7b2fd55a3,2026-06-30 14:54:45,https://www.flightsfrom.com/top-100-airports,48.0694999695,-1.73478996754
2025-01-01,GEML,18,d22896dc-1e25-42a7-857d-e3b7b2fd55a3,2026-06-30 14:54:45,https://www.flightsfrom.com/top-100-airports,35.279800415,-2.9562599659
2025-01-01,LEXJ,18,d22896dc-1e25-42a7-857d-e3b7b2fd55a3,2026-06-30 14:54:45,https://www.flightsfrom.com/top-100-airports,43.42710113525391,-3.82000994682312
2025-01-01,LEZG,18,d22896dc-1e25-42a7-857d-e3b7b2fd55a3,2026-06-30 14:54:45,https://www.flightsfrom.com/top-100-airports,41.66619873046875,-1.0415500402450562
2025-01-01,LFKJ,17,d22896dc-1e25-42a7-857d-e3b7b2fd55a3,2026-06-30 14:54:45,https://www.flightsfrom.com/top-100-airports,41.92359924316406,8.8029203414917
2025-01-01,LECO,17,d22896dc-1e25-42a7-857d-e3b7b2fd55a3,2026-06-30 14:54:45,https://www.flightsfrom.com/top-100-airports,43.302101,-8.37726
2025-01-01,LSGS,17,d22896dc-1e25-42a7-857d-e3b7b2fd55a3,2026-06-30 14:54:45,https://www.flightsfrom.com/top-100-airports,46.2196006775,7.326759815220001
2025-01-01,EGLF,17,d22896dc-1e25-42a7-857d-e3b7b2fd55a3,2026-06-30 14:54:45,https://www.flightsfrom.com/top-100-airports,51.2757987976,-0.776332974434
2025-01-01,LFLB,16,d22896dc-1e25-42a7-857d-e3b7b2fd55a3,2026-06-30 14:54:45,https://www.flightsfrom.com/top-100-airports,45.63809967041016,5.880229949951172
2025-01-01,EIKN,16,d22896dc-1e25-42a7-857d-e3b7b2fd55a3,2026-06-30 14:54:45,https://www.flightsfrom.com/top-100-airports,53.910301208496094,-8.818490028381348
2025-01-01,ENCN,15,d22896dc-1e25-42a7-857d-e3b7b2fd55a3,2026-06-30 14:54:45,https://www.flightsfrom.com/top-100-airports,58.204201,8.08537
2025-01-01,LEVX,15,d22896dc-1e25-42a7-857d-e3b7b2fd55a3,2026-06-30 14:54:45,https://www.flightsfrom.com/top-100-airports,42.2318000793457,-8.62677001953125
2025-01-01,LFRB,14,d22896dc-1e25-42a7-857d-e3b7b2fd55a3,2026-06-30 14:54:45,https://www.flightsfrom.com/top-100-airports,48.447898864746094,-4.418540000915527
2025-01-01,UGSB,14,d22896dc-1e25-42a7-857d-e3b7b2fd55a3,2026-06-30 14:54:45,https://www.flightsfrom.com/top-100-airports,41.6102981567,41.5997009277
2025-01-01,EDDC,14,d22896dc-1e25-42a7-857d-e3b7b2fd55a3,2026-06-30 14:54:45,https://www.flightsfrom.com/top-100-airports,51.1328010559082,13.767200469970703
2025-01-01,LGSR,14,d22896dc-1e25-42a7-857d-e3b7b2fd55a3,2026-06-30 14:54:45,https://www.flightsfrom.com/top-100-airports,36.399200439453125,25.47929954528809
2025-01-01,LEAM,14,d22896dc-1e25-42a7-857d-e3b7b2fd55a3,2026-06-30 14:54:45,https://www.flightsfrom.com/top-100-airports,36.84389877319336,-2.3701000213623047
2025-01-01,LOWG,13,d22896dc-1e25-42a7-857d-e3b7b2fd55a3,2026-06-30 14:54:45,https://www.flightsfrom.com/top-100-airports,46.9911003112793,15.439599990844728
2025-01-01,LFBZ,13,d22896dc-1e25-42a7-857d-e3b7b2fd55a3,2026-06-30 14:54:45,https://www.flightsfrom.com/top-100-airports,43.4683333,-1.5311111
2025-01-01,LFKF,13,d22896dc-1e25-42a7-857d-e3b7b2fd55a3,2026-06-30 14:54:45,https://www.flightsfrom.com/top-100-airports,41.5005989074707,9.097780227661133
2025-01-01,ENBN,13,d22896dc-1e25-42a7-857d-e3b7b2fd55a3,2026-06-30 14:54:45,https://www.flightsfrom.com/top-100-airports,65.461097717285,12.217499732971
2025-01-01,ENST,13,d22896dc-1e25-42a7-857d-e3b7b2fd55a3,2026-06-30 14:54:45,https://www.flightsfrom.com/top-100-airports,65.956802368164,12.468899726868
2025-01-01,LEJR,13,d22896dc-1e25-42a7-857d-e3b7b2fd55a3,2026-06-30 14:54:45,https://www.flightsfrom.com/top-100-airports,36.74459838867188,-6.060110092163086
2025-01-01,EDDG,12,d22896dc-1e25-42a7-857d-e3b7b2fd55a3,2026-06-30 14:54:45,https://www.flightsfrom.com/top-100-airports,52.134601593,7.68483018875
2025-01-01,ENHF,12,d22896dc-1e25-42a7-857d-e3b7b2fd55a3,2026-06-30 14:54:45,https://www.flightsfrom.com/top-100-airports,70.679702758789,23.668600082397
2025-01-01,ENML,12,d22896dc-1e25-42a7-857d-e3b7b2fd55a3,2026-06-30 14:54:45,https://www.flightsfrom.com/top-100-airports,62.744701385498,7.2624998092651
2025-01-01,ENSH,12,d22896dc-1e25-42a7-857d-e3b7b2fd55a3,2026-06-30 14:54:45,https://www.flightsfrom.com/top-100-airports,68.243301391602,14.669199943542
2025-01-01,ENSK,12,d22896dc-1e25-42a7-857d-e3b7b2fd55a3,2026-06-30 14:54:45,https://www.flightsfrom.com/top-100-airports,68.578826904297,15.033416748047
2025-01-01,EPSC,12,d22896dc-1e25-42a7-857d-e3b7b2fd55a3,2026-06-30 14:54:45,https://www.flightsfrom.com/top-100-airports,53.584701538100006,14.9021997452
2025-01-01,LPHR,12,d22896dc-1e25-42a7-857d-e3b7b2fd55a3,2026-06-30 14:54:45,https://www.flightsfrom.com/top-100-airports,38.519901275634766,-28.71590042114257
2025-01-01,GCHI,12,d22896dc-1e25-42a7-857d-e3b7b2fd55a3,2026-06-30 14:54:45,https://www.flightsfrom.com/top-100-airports,27.81480026245117,-17.887100219726562
2025-01-01,LFBT,11,d22896dc-1e25-42a7-857d-e3b7b2fd55a3,2026-06-30 14:54:45,https://www.flightsfrom.com/top-100-airports,43.1786994934082,-0.0064389999024569
2025-01-01,ENFL,11,d22896dc-1e25-42a7-857d-e3b7b2fd55a3,2026-06-30 14:54:45,https://www.flightsfrom.com/top-100-airports,61.583599090576,5.0247201919556
2025-01-01,LFRK,10,d22896dc-1e25-42a7-857d-e3b7b2fd55a3,2026-06-30 14:54:45,https://www.flightsfrom.com/top-100-airports,49.173301696777344,-0.449999988079071
2025-01-01,ENLK,10,d22896dc-1e25-42a7-857d-e3b7b2fd55a3,2026-06-30 14:54:45,https://www.flightsfrom.com/top-100-airports,68.152496337891,13.609399795532
2025-01-01,ENOV,10,d22896dc-1e25-42a7-857d-e3b7b2fd55a3,2026-06-30 14:54:45,https://www.flightsfrom.com/top-100-airports,62.180000305176,6.0741000175476
2025-01-01,ENSG,10,d22896dc-1e25-42a7-857d-e3b7b2fd55a3,2026-06-30 14:54:45,https://www.flightsfrom.com/top-100-airports,61.156101,7.13778
2025-01-01,LEGE,10,d22896dc-1e25-42a7-857d-e3b7b2fd55a3,2026-06-30 14:54:45,https://www.flightsfrom.com/top-100-airports,41.901000977,2.7605500221
2025-01-01,LEMI,10,d22896dc-1e25-42a7-857d-e3b7b2fd55a3,2026-06-30 14:54:45,https://www.flightsfrom.com/top-100-airports,37.803,-1.125
2025-01-01,LFBP,9,d22896dc-1e25-42a7-857d-e3b7b2fd55a3,2026-06-30 14:54:45,https://www.flightsfrom.com/top-100-airports,43.380001068115234,-0.4186109900474548
2025-01-01,LFLC,9,d22896dc-1e25-42a7-857d-e3b7b2fd55a3,2026-06-30 14:54:45,https://www.flightsfrom.com/top-100-airports,45.7867012024,3.1691699028
2025-01-01,LFOT,9,d22896dc-1e25-42a7-857d-e3b7b2fd55a3,2026-06-30 14:54:45,https://www.flightsfrom.com/top-100-airports,47.4322013855,0.727605998516
2025-01-01,ENHD,9,d22896dc-1e25-42a7-857d-e3b7b2fd55a3,2026-06-30 14:54:45,https://www.flightsfrom.com/top-100-airports,59.34529876709,5.2083601951599
2025-01-01,ENVD,9,d22896dc-1e25-42a7-857d-e3b7b2fd55a3,2026-06-30 14:54:45,https://www.flightsfrom.com/top-100-airports,70.065299987793,29.844699859619
2025-01-01,LESO,9,d22896dc-1e25-42a7-857d-e3b7b2fd55a3,2026-06-30 14:54:45,https://www.flightsfrom.com/top-100-airports,43.35649871826172,-1.7906099557876587
2025-01-01,LFKC,8,d22896dc-1e25-42a7-857d-e3b7b2fd55a3,2026-06-30 14:54:45,https://www.flightsfrom.com/top-100-airports,42.5244444,8.7930556
2025-01-01,LFMD,8,d22896dc-1e25-42a7-857d-e3b7b2fd55a3,2026-06-30 14:54:45,https://www.flightsfrom.com/top-100-airports,43.542,6.95348
2025-01-01,LGKF,8,d22896dc-1e25-42a7-857d-e3b7b2fd55a3,2026-06-30 14:54:45,https://www.flightsfrom.com/top-100-airports,38.12009811401367,20.5004997253418
2025-01-01,LGKO,8,d22896dc-1e25-42a7-857d-e3b7b2fd55a3,2026-06-30 14:54:45,https://www.flightsfrom.com/top-100-airports,36.79330062866211,27.091699600219727
2025-01-01,LGKR,8,d22896dc-1e25-42a7-857d-e3b7b2fd55a3,2026-06-30 14:54:45,https://www.flightsfrom.com/top-100-airports,39.601898193359375,19.911699295043945
2025-01-01,EHBK,8,d22896dc-1e25-42a7-857d-e3b7b2fd55a3,2026-06-30 14:54:45,https://www.flightsfrom.com/top-100-airports,50.911701,5.77014
2025-01-01,ENNA,8,d22896dc-1e25-42a7-857d-e3b7b2fd55a3,2026-06-30 14:54:45,https://www.flightsfrom.com/top-100-airports,70.068801879883,24.973499298096
2025-01-01,ENRA,8,d22896dc-1e25-42a7-857d-e3b7b2fd55a3,2026-06-30 14:54:45,https://www.flightsfrom.com/top-100-airports,66.363899230957,14.301400184631
2025-01-01,GCGM,8,d22896dc-1e25-42a7-857d-e3b7b2fd55a3,2026-06-30 14:54:45,https://www.flightsfrom.com/top-100-airports,28.029600143432617,-17.214599609375
2025-01-01,LEVT,8,d22896dc-1e25-42a7-857d-e3b7b2fd55a3,2026-06-30 14:54:45,https://www.flightsfrom.com/top-100-airports,42.8828010559082,-2.7244699001312256
2025-01-01,EBAW,7,d22896dc-1e25-42a7-857d-e3b7b2fd55a3,2026-06-30 14:54:45,https://www.flightsfrom.com/top-100-airports,51.1893997192,4.46027994156
2025-01-01,EBOS,7,d22896dc-1e25-42a7-857d-e3b7b2fd55a3,2026-06-30 14:54:45,https://www.flightsfrom.com/top-100-airports,51.1988983154,2.8622200489
2025-01-01,ENAN,7,d22896dc-1e25-42a7-857d-e3b7b2fd55a3,2026-06-30 14:54:45,https://www.flightsfrom.com/top-100-airports,69.292503356934,16.144199371338
2025-01-01,LEBZ,7,d22896dc-1e25-42a7-857d-e3b7b2fd55a3,2026-06-30 14:54:45,https://www.flightsfrom.com/top-100-airports,38.891300201416016,-6.8213300704956055
2025-01-01,LEPP,7,d22896dc-1e25-42a7-857d-e3b7b2fd55a3,2026-06-30 14:54:45,https://www.flightsfrom.com/top-100-airports,42.77000045776367,-1.6463299989700315
2025-01-01,LFGJ,6,d22896dc-1e25-42a7-857d-e3b7b2fd55a3,2026-06-30 14:54:45,https://www.flightsfrom.com/top-100-airports,47.042686,5.435063
2025-01-01,LFMV,6,d22896dc-1e25-42a7-857d-e3b7b2fd55a3,2026-06-30 14:54:45,https://www.flightsfrom.com/top-100-airports,43.90729904174805,4.901830196380615
2025-01-01,LFTH,6,d22896dc-1e25-42a7-857d-e3b7b2fd55a3,2026-06-30 14:54:45,https://www.flightsfrom.com/top-100-airports,43.0973014832,6.14602994919
2025-01-01,EDDR,6,d22896dc-1e25-42a7-857d-e3b7b2fd55a3,2026-06-30 14:54:45,https://www.flightsfrom.com/top-100-airports,49.2145996094,7.10950994492
2025-01-01,LGZA,6,d22896dc-1e25-42a7-857d-e3b7b2fd55a3,2026-06-30 14:54:45,https://www.flightsfrom.com/top-100-airports,37.7509,20.8843
2025-01-01,EIKY,6,d22896dc-1e25-42a7-857d-e3b7b2fd55a3,2026-06-30 14:54:45,https://www.flightsfrom.com/top-100-airports,52.18090057373047,-9.52377986907959
2025-01-01,ENMH,6,d22896dc-1e25-42a7-857d-e3b7b2fd55a3,2026-06-30 14:54:45,https://www.flightsfrom.com/top-100-airports,71.02970123291,27.826700210571
2025-01-01,ENRM,6,d22896dc-1e25-42a7-857d-e3b7b2fd55a3,2026-06-30 14:54:45,https://www.flightsfrom.com/top-100-airports,64.838302612305,11.14610004425
2025-01-01,EPBY,6,d22896dc-1e25-42a7-857d-e3b7b2fd55a3,2026-06-30 14:54:45,https://www.flightsfrom.com/top-100-airports,53.0968017578,17.9776992798
2025-01-01,EPLL,6,d22896dc-1e25-42a7-857d-e3b7b2fd55a3,2026-06-30 14:54:45,https://www.flightsfrom.com/top-100-airports,51.7219009399,19.3980998993
2025-01-01,LPCS,6,d22896dc-1e25-42a7-857d-e3b7b2fd55a3,2026-06-30 14:54:45,https://www.flightsfrom.com/top-100-airports,38.724998,-9.35523
2025-01-01,LEVD,6,d22896dc-1e25-42a7-857d-e3b7b2fd55a3,2026-06-30 14:54:45,https://www.flightsfrom.com/top-100-airports,41.7061004639,-4.85194015503
2025-01-01,LFBE,5,d22896dc-1e25-42a7-857d-e3b7b2fd55a3,2026-06-30 14:54:45,https://www.flightsfrom.com/top-100-airports,44.82529830932617,0.5186110138893127
2025-01-01,LFLY,5,d22896dc-1e25-42a7-857d-e3b7b2fd55a3,2026-06-30 14:54:45,https://www.flightsfrom.com/top-100-airports,45.72719955444336,4.944270133972168
2025-01-01,LFOK,5,d22896dc-1e25-42a7-857d-e3b7b2fd55a3,2026-06-30 14:54:45,https://www.flightsfrom.com/top-100-airports,48.7733333333,4.206111111
2025-01-01,ENBL,5,d22896dc-1e25-42a7-857d-e3b7b2fd55a3,2026-06-30 14:54:45,https://www.flightsfrom.com/top-100-airports,,
2025-01-01,ENMS,5,d22896dc-1e25-42a7-857d-e3b7b2fd55a3,2026-06-30 14:54:45,https://www.flightsfrom.com/top-100-airports,65.783996582031,13.214900016785
2025-01-01,ENSD,5,d22896dc-1e25-42a7-857d-e3b7b2fd55a3,2026-06-30 14:54:45,https://www.flightsfrom.com/top-100-airports,61.830001831055,6.1058301925659
2025-01-01,LERT,5,d22896dc-1e25-42a7-857d-e3b7b2fd55a3,2026-06-30 14:54:45,https://www.flightsfrom.com/top-100-airports,36.645198822,-6.34946012497
2025-01-01,LOWL,4,d22896dc-1e25-42a7-857d-e3b7b2fd55a3,2026-06-30 14:54:45,https://www.flightsfrom.com/top-100-airports,48.2332,14.1875
2025-01-01,LKMT,4,d22896dc-1e25-42a7-857d-e3b7b2fd55a3,2026-06-30 14:54:45,https://www.flightsfrom.com/top-100-airports,49.6963005065918,18.111099243164062
2025-01-01,LFJL,4,d22896dc-1e25-42a7-857d-e3b7b2fd55a3,2026-06-30 14:54:45,https://www.flightsfrom.com/top-100-airports,48.9821014404,6.25131988525
2025-01-01,LFLS,4,d22896dc-1e25-42a7-857d-e3b7b2fd55a3,2026-06-30 14:54:45,https://www.flightsfrom.com/top-100-airports,45.36289978027344,5.329370021820068
2025-01-01,LFMK,4,d22896dc-1e25-42a7-857d-e3b7b2fd55a3,2026-06-30 14:54:45,https://www.flightsfrom.com/top-100-airports,43.21599960327149,2.3063199520111084
2025-01-01,LFMP,4,d22896dc-1e25-42a7-857d-e3b7b2fd55a3,2026-06-30 14:54:45,https://www.flightsfrom.com/top-100-airports,42.74039840698242,2.8706700801849365
2025-01-01,LFTW,4,d22896dc-1e25-42a7-857d-e3b7b2fd55a3,2026-06-30 14:54:45,https://www.flightsfrom.com/top-100-airports,43.75740051269531,4.4163498878479
2025-01-01,LGMK,4,d22896dc-1e25-42a7-857d-e3b7b2fd55a3,2026-06-30 14:54:45,https://www.flightsfrom.com/top-100-airports,37.43510055541992,25.348100662231445
2025-01-01,LGPZ,4,d22896dc-1e25-42a7-857d-e3b7b2fd55a3,2026-06-30 14:54:45,https://www.flightsfrom.com/top-100-airports,38.92549896240234,20.765300750732425
2025-01-01,ENBS,4,d22896dc-1e25-42a7-857d-e3b7b2fd55a3,2026-06-30 14:54:45,https://www.flightsfrom.com/top-100-airports,70.60050201416,29.691400527954
2025-01-01,ENBV,4,d22896dc-1e25-42a7-857d-e3b7b2fd55a3,2026-06-30 14:54:45,https://www.flightsfrom.com/top-100-airports,70.871399,29.034201
2025-01-01,ENHV,4,d22896dc-1e25-42a7-857d-e3b7b2fd55a3,2026-06-30 14:54:45,https://www.flightsfrom.com/top-100-airports,71.009696960449,25.983600616455
